source,app,date,stars,quote,url
Play Store,Groww,2026-09-08,3,"Cumulative investing is not easy to track when investors have multiple financial goals. It would be great if the app introduced goal-wise trackers with sub-divisions for goals like retirement, education, wealth creation, etc.",https://play.google.com/store/apps/details?id=com.nextbillion.groww
Play Store,Groww,2026-08-18,1,"Your app gets stuck far too often at the time of trade execution, and even after setting a profit/loss limit, the order does not get executed automatically. I have incurred losses so many times because of this issue",https://play.google.com/store/apps/details?id=com.nextbillion.groww
Play Store,Groww,2026-09-09,4,"its processing speed is very slow... Whenever I want to redeem money, it takes five days for the money to be credited. Reduce the redemption time from five days to two days.",https://play.google.com/store/apps/details?id=com.nextbillion.groww
Play Store,Groww,2026-08-30,5,As a beginner I'm very satisfied with their service. App is pretty fast. Especially IPO application process happens at lightning speed. They provide tons of information,https://play.google.com/store/apps/details?id=com.nextbillion.groww
Play Store,Groww,2026-08-20,4,"after that, the app is not opening or proceeding further. It is stuck on the 'Allow Permissions' screen, and I am unable to continue",https://play.google.com/store/apps/details?id=com.nextbillion.groww
Play Store,Groww,2026-08-20,1,"I tried a lot to skip my sips for a month and it shows it can be done 2 days before sip date, but even before 2 days it doesn't work. I recently got operated on my knee and... just need one month",https://play.google.com/store/apps/details?id=com.nextbillion.groww
Play Store,Groww,2026-08-30,1,"there is no separate category or dedicated section for International Mutual Funds, making it difficult to find all available funds",https://play.google.com/store/apps/details?id=com.nextbillion.groww
Play Store,Groww,2026-08-28,3,Had to rate 3* down from 5*... everyone else was facing the issue with the latest app update,https://play.google.com/store/apps/details?id=com.nextbillion.groww
Play Store,Groww,2026-08-30,1,I called their support team for email changing problem... they told it's may take 2/3 working days but even after 10 days their is no response,https://play.google.com/store/apps/details?id=com.nextbillion.groww
Play Store,Groww,2026-08-31,1,"unable to login with my mobile number. it always gives error - 'something went wrong'. trying for past week, same error",https://play.google.com/store/apps/details?id=com.nextbillion.groww
Play Store,Groww,2026-08-31,5,good app with very simple interface. almost every thing u need is available. customer support is very good also during market hours,https://play.google.com/store/apps/details?id=com.nextbillion.groww
Play Store,Groww,2026-08-28,1,ridiculous new update. When we open the charts the back button on our phone just disappears and we end up clicking the scalper mode,https://play.google.com/store/apps/details?id=com.nextbillion.groww
Play Store,Groww,2026-08-31,2,off late the updates in this particular app is getting so vulnerable that it totally lacked,https://play.google.com/store/apps/details?id=com.nextbillion.groww
Play Store,Groww,2026-08-31,1,trying to update my e-mail id but due to reasons unknown it has failed number of times. Everytime I tried it shows 'Account Creation is in process',https://play.google.com/store/apps/details?id=com.nextbillion.groww
Play Store,Groww,2026-08-28,1,worst support team... when you'll be explaining something they'll leave your call on hold,https://play.google.com/store/apps/details?id=com.nextbillion.groww
Play Store,Groww,2026-07-16,1,I had some shares to sell. It didn't let me that happen when the price was in my target level... then after sometime I checked my entire holding was not showing due to server issue,https://play.google.com/store/apps/details?id=com.nextbillion.groww
Play Store,Groww,2026-07-21,1,"The app is super buggy at times, with painstakingly slow loading times for the market data... When you reach out to support they keep saying same thing, that this is internet issue on your end",https://play.google.com/store/apps/details?id=com.nextbillion.groww
Play Store,Groww,2026-08-07,1,The stop-loss gets triggered unpredictably. Sometimes it hits even before the price reaches the stop-loss level,https://play.google.com/store/apps/details?id=com.nextbillion.groww
Play Store,Groww,2026-08-25,1,"Frustrating payment loop - money stays blocked but app says failed... Whether I use bank net banking, third-party UPI, or Groww UPI, it always shows a technical error/failure screen. However, my money gets blocked or deducted every time",https://play.google.com/store/apps/details?id=com.nextbillion.groww
Play Store,Groww,2026-08-27,4,"when I open the app, the app gets opened i can see the dashboard and all but when I try to click it doesn't respond to any clicks",https://play.google.com/store/apps/details?id=com.nextbillion.groww
Play Store,KFinKart Distributor,2024-08-25,3,"App is overall smooth but lack few important features. One of the most needed features, not available, is the transactions page. There is no option check all transactions day wise & type wise like CAMS edge360 where all AMC transactions are available to check.",https://play.google.com/store/apps/details?id=com.karvydistributor
Play Store,KFinKart Distributor,2019-10-06,4,"All the AMCs should be available to transact, even those who are serviced by other RTAs... Improve app speed, its a bit slow.",https://play.google.com/store/apps/details?id=com.karvydistributor
Play Store,KFinKart Distributor,2020-05-06,1,"I am not able to login even after several attempts. After clicking on the generate OTP button while signing up, please wait pop up comes and then nothing happens at all.",https://play.google.com/store/apps/details?id=com.karvydistributor
Play Store,KFinKart Distributor,2023-09-04,1,I forgot my user ID. It was asking to enter email id which I gave while signing up. But the app says no user id available... No effort made to correct mistakes in app. Why no testing was done?,https://play.google.com/store/apps/details?id=com.karvydistributor
Play Store,KFinKart Distributor,2020-10-07,2,"Pathetic, very slow. It takes ages to open up one screen. The previous version was quicker.",https://play.google.com/store/apps/details?id=com.karvydistributor
Play Store,KFinKart Distributor,2024-04-12,1,"It was working fine till a few days back. After the update I was not able to sign in at first... the app doesn't launch properly, having lots of issues.",https://play.google.com/store/apps/details?id=com.karvydistributor
Play Store,KFinKart Distributor,2020-10-05,2,"this upgrade is a total failure from user experience perspective. Earlier version was a lot better and had features like transaction history, yields and many more. Not sure how this upgrade was approved.",https://play.google.com/store/apps/details?id=com.karvydistributor
Play Store,KFinKart Distributor,2019-12-31,1,Absolutely Disgusting App of no help!... have not solved the problems in this useless app despite me explaining the problem to them over phone,https://play.google.com/store/apps/details?id=com.karvydistributor
Play Store,KFinKart Distributor,2019-07-31,4,"I initiated one Txn for new investor. Surprised to see that I can't add 2nd or 3rd holder on anyone or survivor basis. Secondly, I couldn't find any fields to fill in, bank...",https://play.google.com/store/apps/details?id=com.karvydistributor
Play Store,KFinKart Distributor,2019-03-20,1,can't done transaction in fresh buy/switch because I have send transaction link to client purchases done but EUIN not Maped in that transaction and send complaint in email many but not resolved,https://play.google.com/store/apps/details?id=com.karvydistributor
Play Store,KFinKart Distributor,2021-09-16,5,Easy for Transactions. User friendly app. Save time and Very convenient to use even in the office and anywhere... One app which allow us to access all Portfolios at one place.,https://play.google.com/store/apps/details?id=com.karvydistributor
Play Store,KFinKart Distributor,2024-02-17,3,Still too many issues persist with the app. Incomplete investment details gets reflected most of the time. Also there is delay in data reflexion. Also include the OTM (KOTM / AOTM) available status in the app,https://play.google.com/store/apps/details?id=com.karvydistributor
Play Store,KFinKart Distributor,2023-11-02,3,"after transactions are initiated from the Distributor's end, clients open the link to check for the accuracy of data entered and post this, they find it difficult to get past the Payment page... no acknowledgements are received regarding approval",https://play.google.com/store/apps/details?id=com.karvydistributor
Play Store,KFinKart Distributor,2019-01-18,4,I am empanelled advisor... Not able to register or sign up. Not getting OTP on my mobile number... My issue is promptly resolved and thanks for the same,https://play.google.com/store/apps/details?id=com.karvydistributor
Play Store,KFinKart Distributor,2025-06-23,2,Recently showing Error: something went wrong! all the time after entering the system login. No work can be done.,https://play.google.com/store/apps/details?id=com.karvydistributor
Play Store,KFinKart Distributor,2021-02-10,4,"This app is very useful and we are using this for day to day transactions. But the app is not properly working from 2.30 pm onwards and very slow, may be due to excessive load.",https://play.google.com/store/apps/details?id=com.karvydistributor
Play Store,KFinKart Distributor,2020-06-24,5,"I am using this app on desktop and mobile also, all things are good except one thing... password of mfs (mainly used for soa and mailback) and dit (used for transaction) should be different",https://play.google.com/store/apps/details?id=com.karvydistributor
Play Store,KFinKart Distributor,2020-10-10,2,"Could not download statement and could not add new Bank Account, I have been insisting from January onwards but no update from your side",https://play.google.com/store/apps/details?id=com.karvydistributor
Play Store,KFinKart Distributor,2020-01-28,3,Now consolidated AUM is seen. but just check my few investors details in Axis MF is not seen and hence total AUM shown is less... Axis MF app can show those investors in their app. How can the data is not transferred to KFinKart,https://play.google.com/store/apps/details?id=com.karvydistributor
Play Store,KFinKart Distributor,2024-10-25,1,"I retrieved my Userid from forgot Userid option, after retrieving Userid I tried to change my password, but at that time it shows as Invalid Userid. Now from last 2days I am trying to log in",https://play.google.com/store/apps/details?id=com.karvydistributor
Play Store,AssetPlus Partner,2026-08-28,1,"My RM, Mr. Gautam, accepted my client's bank change form request but did not complete it for 15 days. Later, he blamed the team for not providing details.",https://play.google.com/store/apps/details?id=in.assetplus.partner
Play Store,AssetPlus Partner,2026-08-29,5,"On boarding of client is easy and fast, simple dashboard, convenient to use, query resolving is very quick.",https://play.google.com/store/apps/details?id=in.assetplus.partner
Play Store,AssetPlus Partner,2026-08-04,5,Entire client onboarding can be done by using this app very fast. Have got very good support from entire team... My RM Mamata has been very supportive.,https://play.google.com/store/apps/details?id=in.assetplus.partner
Play Store,AssetPlus Partner,2026-07-30,5,Very good team in place... Very good insurance team in place. Especially Sanjeev who conducts excellent training programmes,https://play.google.com/store/apps/details?id=in.assetplus.partner
Play Store,AssetPlus Partner,2026-09-05,5,Super Quick process takes less than 5 mins to create your account and start your financial journey.,https://play.google.com/store/apps/details?id=in.assetplus.partner
Play Store,AssetPlus Partner,2026-04-04,1,no support provided for new mfds. the platform does have lot of knowledge articles hence the one star. I have support tickets open for months now. they are only interested you bringing more business to them,https://play.google.com/store/apps/details?id=in.assetplus.partner
Play Store,AssetPlus Partner,2026-08-23,5,Very good platform simple use very first client activate. thank you so much Asset plus.,https://play.google.com/store/apps/details?id=in.assetplus.partner
Play Store,AssetPlus Partner,2026-08-21,5,Good Software and team support,https://play.google.com/store/apps/details?id=in.assetplus.partner
Play Store,AssetPlus Partner,2026-06-22,4,Nice app for MF Distributors. It's good as per app but I will give 5 stars if they promptly do the payout. It's been delayed from 2 months.,https://play.google.com/store/apps/details?id=in.assetplus.partner
Play Store,AssetPlus Partner,2026-04-11,1,"only a part of asset allocation shown that too it says equity no mention of mid large or small, still no intelligence metrics for patterns include % change at portfolio level instead of absolute nos",https://play.google.com/store/apps/details?id=in.assetplus.partner
Play Store,AssetPlus Partner,2026-08-07,5,Very good and smooth application for partners,https://play.google.com/store/apps/details?id=in.assetplus.partner
Play Store,AssetPlus Partner,2026-05-24,5,"Simple and easy. Excellent User friendly and expert support, round the clock, by support team, backed by Great individual guidance.",https://play.google.com/store/apps/details?id=in.assetplus.partner
Play Store,AssetPlus Partner,2026-08-13,1,"don't join with assetplus, it was my biggest mistake to join, support team is disgusting",https://play.google.com/store/apps/details?id=in.assetplus.partner
Play Store,AssetPlus Partner,2026-04-04,5,"As a new MFD, i was bit confused about the best platform for me. My search ended at Assetplus and I am glad, that I choose the best.",https://play.google.com/store/apps/details?id=in.assetplus.partner
Play Store,AssetPlus Partner,2026-05-27,5,experience is pretty good but in web version there are so many more options but in this app those are missing.,https://play.google.com/store/apps/details?id=in.assetplus.partner
Play Store,AssetPlus Partner,2025-10-12,4,add one feature that is find a new sign up user because problem to find a new user and there is not any filter to find new or old users who not activated their account,https://play.google.com/store/apps/details?id=in.assetplus.partner
Play Store,AssetPlus Partner,2026-07-24,5,Nice platform and support. good for new IFA.,https://play.google.com/store/apps/details?id=in.assetplus.partner
Play Store,AssetPlus Partner,2026-08-25,5,really great app digital onboarding is so fast,https://play.google.com/store/apps/details?id=in.assetplus.partner
Play Store,AssetPlus Partner,2024-08-22,2,"Payment methods, bank mandate, auto pay need huge improvements. A lot of things to be included like upi mandate... Per day brokerage earings also not shown anywhere.",https://play.google.com/store/apps/details?id=in.assetplus.partner
Play Store,AssetPlus Partner,2026-07-19,4,monthly sip Reports not available pls add tools clients requirement,https://play.google.com/store/apps/details?id=in.assetplus.partner
